Position,Change,Driver,Team,CarNumber,Points,PointsChange
1,0,Kimi Antonelli,Mercedes,12,302,10
2,0,George Russell,Mercedes,63,236,25
3,0,Lewis Hamilton,Ferrari,44,199,8
4,0,Lando Norris,McLaren,1,186,0
5,0,Charles Leclerc,Ferrari,16,179,12
6,0,Max Verstappen,Red Bull Racing,3,163,18
7,0,Oscar Piastri,McLaren,81,120,0
8,0,Isack Hadjar,Red Bull Racing,6,86,15
9,0,Liam Lawson,Racing Bulls,30,59,0
10,0,Pierre Gasly,Alpine,10,41,0
11,0,Arvid Lindblad,Racing Bulls,41,37,6
12,0,Franco Colapinto,Alpine,43,27,0
13,0,Oliver Bearman,Haas F1 Team,87,20,2
14,0,Gabriel Bortoleto,Audi,5,10,0
15,0,Nico Hulkenberg,Audi,27,7,0
16,2,Esteban Ocon,Haas F1 Team,31,7,4
17,-1,Carlos Sainz,Williams,55,7,1
18,-1,Alexander Albon,Williams,23,5,0
19,0,Fernando Alonso,Aston Martin,14,3,0
20,0,Yuki Tsunoda,Racing Bulls,22,1,0
21,0,Lance Stroll,Aston Martin,18,0,0
22,0,Valtteri Bottas,Cadillac,77,0,0
23,0,Sergio Perez,Cadillac,11,0,0
